unique_identifier,title,document_type,published_on,document_url,source_specific_tags,top_topics,languages,document_theme,first_order_unique_identifier
10.25646/12213.2,Infectious Epidemiological Yearbook of Notifiable Diseases for 2022,Clinical guidance,2024-07-18,http://edoc.rki.de/176904/11825.2,"Article, DDC 610, Fortlaufende Veröffentlichungen, Infektionsepidemiologische Jahrbücher, Open Access Set, Primus Set, textPublication","Notifiable disease, Antimicrobial resistance, Acinetobacter",ger,"health>diseases and conditions>communicable disease, health>diseases and conditions, health>diseases and conditions>illness, health>diseases and conditions>communicable disease>virus disease, health",10.25646/12213.2
10.2861/620590,Innovative technologies shaping the 2040 battlefield.,Publication,2021-11-04,https://op.europa.eu/en/publication-detail/-/publication/aa142c6b-518d-11ec-91ac-01aa75ed71a1/language-en/format-PDF,,"Artificial intelligence, European Union, Anti-satellite weapon",eng,"economy, business and finance, economy, business and finance>economic sector, politics, politics>government, politics>government>defence, politics>government>defence>military equipment, conflicts, war and peace, conflicts, war and peace>armed conflict, science and technology, economy, business and finance>economic sector>computing and information technology, politics>government>defence>military equipment>military weaponry",10.2861/620590
10.2903/j.efsa.2019.5664,Avian influenza overview November 2018 – February 2019,Publication,2019-03-28,https://www.efsa.europa.eu/en/efsajournal/pub/5664,,"Avian influenza, Influenza A virus subtype H7N9, Influenza A virus subtype H5N1",eng,"health, health>diseases and conditions>communicable disease, science and technology>natural science, science and technology>natural science>biology, health>diseases and conditions>communicable disease>virus disease, science and technology>natural science>biology>genetics, health>diseases and conditions, science and technology",10.2903/j.efsa.2016.4687
10.2903/j.efsa.2018.5573,Avian influenza overview August – November 2018,Publication,2018-12-20,https://www.efsa.europa.eu/en/efsajournal/pub/5573,,"Avian influenza, Influenza A virus subtype H5N1, Influenza A virus subtype H5N8",eng,"health, health>diseases and conditions>communicable disease, science and technology>natural science, science and technology>natural science>biology, health>diseases and conditions>communicable disease>virus disease, health>diseases and conditions, science and technology, science and technology>natural science>biology>genetics",10.2903/j.efsa.2016.4687
10.2903/j.efsa.2017.4991,Avian influenza,Publication,2017-10-16,https://www.efsa.europa.eu/en/efsajournal/pub/4991,,"Avian influenza, Poultry, Influenza A virus subtype H5N2",eng,"science and technology>natural science, health>diseases and conditions>communicable disease, science and technology>natural science>biology, health>diseases and conditions, health>diseases and conditions>communicable disease>virus disease, science and technology, science and technology>natural science>biology>genetics, health",10.2903/j.efsa.2016.4687
10.2903/j.efsa.2017.4891,Assessment of listing and categorisation of animal diseases within the framework of the Animal Health Law (Regulation (EU) No 2016/429): low pathogenic avian influenza,Publication,2017-07-21,https://www.efsa.europa.eu/en/efsajournal/pub/4891,,"Infection, Zoonosis, Health sciences",eng,"science and technology, health>diseases and conditions>communicable disease, science and technology>natural science, health>diseases and conditions>communicable disease>virus disease, health>diseases and conditions, health, science and technology>natural science>biology, health>diseases and conditions>illness",10.2903/j.efsa.2016.4687
10.2791/240743,RIO Country Report 2015: United Kingdom,Publication,2016-07-04,https://publications.jrc.ec.europa.eu/repository/handle/JRC101221,Innovation and growth,"Innovation, Human activities, Policy",eng,"economy, business and finance, economy, business and finance>economy, education, health, society, science and technology",10.2791/240743
10.2900/153940,"Assessment of infection control, hospital hygiene capacity and training needs in the European Union : 2014.",Publication,2017-10-03,https://op.europa.eu/en/publication-detail/-/publication/b902737a-a8b2-11e7-837e-01aa75ed71a1/language-en/format-PDF,,"Nursing, Hospital-acquired infection, European Union",eng,"education>teaching and learning, education, health, education>teaching and learning>examination",10.2900/31986
10.2900/31986,Measles and rubella elimination : communicating the importance of vaccination.,Publication,2015-02-23,https://op.europa.eu/en/publication-detail/-/publication/bb60076a-fd90-4121-97b2-7c64920ff066/language-en/format-PDF,,"Immunology, Health, Clinical medicine",eng,"health>diseases and conditions>illness, health>diseases and conditions, health",10.2900/31986
cset-fa35074ced836206f93ab080d217c1dc,Anticipating Biological Risk: A Toolkit for Strategic Biosecurity Policy | Center for Security and Emerging Technology,Publication,2024-12-01,https://cset.georgetown.edu/publication/anticipating-biological-risk-a-toolkit-for-strategic-biosecurity-policy/,,"Biocontainment, Biosafety, Biosecurity",eng,"economy, business and finance, economy, business and finance>economic sector, health, science and technology>natural science, science and technology>natural science>biology, science and technology>natural science>biology>genetics, science and technology, health>diseases and conditions, economy, business and finance>economic sector>computing and information technology",cset-f31757b077187b5dc43845d1a78b406c
cset-89dcfb0f0beea480ded6e8761684330f,Identifying Emerging Technologies in Research | Center for Security and Emerging Technology,Publication,2024-12-01,https://cset.georgetown.edu/publication/identifying-emerging-technologies-in-research/,,"Large language model, Artificial intelligence, Machine learning",eng,"economy, business and finance, economy, business and finance>economic sector, science and technology>natural science, science and technology>social sciences, science and technology>social sciences>information science, science and technology, science and technology>natural science>biology, economy, business and finance>economic sector>computing and information technology",cset-f31757b077187b5dc43845d1a78b406c
governmentofcanada-595a04595e4df5e2b9f8cfb351fb0386,Emerging technology snapshot : genetic design and modification of pathogenic microorganisms.: NR16-436/2024E-PDF Publications - Canada.ca,Publication,2024-01-01,http://publications.gc.ca/site/eng/9.934596/publication.html,,"Branches of science, Biology, Health sciences",eng,"economy, business and finance, economy, business and finance>economic sector, science and technology>natural science>biology, science and technology>natural science, science and technology>natural science>biology>genetics, economy, business and finance>economic sector>chemicals, science and technology",cset-f31757b077187b5dc43845d1a78b406c
cset-eef28327924e3f0886edaf46b68340fe,Comment on OSTP RFI 88 FR 60513,Transcript,2023-10-16,https://cset.georgetown.edu/publication/comment-on-ostp-rfi-88fr60513/,,"Risk, Research, Biosecurity",eng,"health>diseases and conditions, health>diseases and conditions>communicable disease, science and technology>natural science, science and technology>natural science>biology, science and technology>natural science>biology>genetics, health, science and technology, health>diseases and conditions>communicable disease>virus disease",cset-f31757b077187b5dc43845d1a78b406c
stateofvirginia-7465f911570050b198b0587a748d2f92,Situation Update 2023-09-22,Publication,2023-09-22,https://www.vdh.virginia.gov/content/uploads/sites/182/2023/09/Situation-Update-2023-09-22.pdf,,"natural disasters, Tropics, Synoptic meteorology and weather",eng,"disaster, accident and emergency incident, disaster, accident and emergency incident>disaster>natural disasters, science and technology>natural science>meteorology, science and technology, science and technology>natural science, weather, disaster, accident and emergency incident>disaster>natural disasters>flood, weather>weather forecast, disaster, accident and emergency incident>disaster",cset-f31757b077187b5dc43845d1a78b406c
govdeptsjapan-53bc6afd9892bae4fe2f8be76944e746,Response to highly pathogenic avian influenza virus A(H5N1) infection,Publication,2023-05-12,https://www.mhlw.go.jp/content/10906000/001096362.pdf,,"Health, Medicine, Animals",jpn,"health>diseases and conditions, health>diseases and conditions>communicable disease, health>health treatment, science and technology, science and technology>natural science, health, science and technology>natural science>biology, health>diseases and conditions>communicable disease>virus disease, health>health treatment>medicine",10.25646/12213.2
fao-20e16175fbc387d6f17e28847a2d2b16,Scientific Task Force on Avian Influenza and Wild Birds statement on H5N1 High pathogenicity avian influenza in wild birds - Unprecedented conservation impacts and urgent needs,Publication,2023-01-01,https://openknowledge.fao.org/handle/20.500.14283/cc6936en,"1 - Продукты знаний, value chains, Технические документы и отчеты по проектам","Avian influenza, Influenza A virus subtype H5N1, Disease surveillance",eng,"health>diseases and conditions, health, science and technology, environment",10.25646/12213.2
randcorporation-0c32d667fc6a0f2f98849a9ea781f3d5,Can the Human Body Be a Warfighting Domain?,Publication,2024-01-02,https://www.rand.org/pubs/research_reports/RRA2520-1.html,"Acquisition and Technology Policy Program, RAND National Security Research Division","Biological warfare, Biosafety level, COVID-19",eng,"science and technology>natural science, science and technology>natural science>biology, science and technology>natural science>biology>genetics, conflicts, war and peace, conflicts, war and peace>armed conflict, science and technology",randcorporation-9528b18dddbae0028543790ac9330f60
randcorporation-b2a7cb429acb30602650891070e52ff4,The Problem of Surge Capacity,Blog post,2023-07-10,https://www.rand.org/blog/2023/07/the-problem-of-surge-capacity.html,,"Option (finance), Business, Economy",eng,"disaster, accident and emergency incident, economy, business and finance, economy, business and finance>business information, economy, business and finance>business information>human resources, politics, science and technology, science and technology>social sciences, economy, business and finance>economy, economy, business and finance>business information>human resources>management, science and technology>social sciences>economics, politics>government, disaster, accident and emergency incident>accident and emergency incident",randcorporation-9528b18dddbae0028543790ac9330f60
randcorporation-0ef0b7b008a89fe35de6acb6399c6833,The Problem of Surge Capacity,Blog post,2023-07-10,https://www.rand.org/pubs/commentary/2023/07/the-problem-of-surge-capacity.html,,"Option (finance), Futures contract, Economy",eng,"disaster, accident and emergency incident, economy, business and finance, economy, business and finance>business information, economy, business and finance>business information>human resources, politics, science and technology, science and technology>social sciences, economy, business and finance>economy, economy, business and finance>business information>human resources>management, science and technology>social sciences>economics, politics>government, disaster, accident and emergency incident>accident and emergency incident",randcorporation-9528b18dddbae0028543790ac9330f60
randcorporation-d66bed6c81a4b74665aa331e70c511de,An Opportunity to Learn from Our COVID-19 Successes and Failures,Blog post,2023-04-27,https://www.rand.org/blog/2023/04/an-opportunity-to-learn-from-our-covid-19-successes.html,,"Pandemic and All-Hazards Preparedness Act, Health, Politics",eng,"disaster, accident and emergency incident, health, science and technology, politics>government, politics, disaster, accident and emergency incident>accident and emergency incident",randcorporation-9528b18dddbae0028543790ac9330f60
randcorporation-6dbc3102fc3cd20a6375254ea3b9cb6e,An Opportunity to Learn from Our COVID-19 Successes and Failures,Blog post,2023-04-27,https://www.rand.org/pubs/commentary/2023/04/an-opportunity-to-learn-from-our-covid-19-successes.html,,"Pandemic and All-Hazards Preparedness Act, Pandemic, Health",eng,"disaster, accident and emergency incident, health, disaster, accident and emergency incident>accident and emergency incident, politics>government, politics",randcorporation-9528b18dddbae0028543790ac9330f60
randcorporation-17a31b59a2a1f2c40cb143ccfb8190e6,"Lessons from the Pandemic, Diplomacy in Ukraine, Defending Taiwan: RAND Weekly Recap",Blog post,2022-11-04,https://www.rand.org/blog/2022/11/weekly-recap-november-04.html,,"Pandemic, United States, COVID-19 pandemic",eng,"conflicts, war and peace, conflicts, war and peace>armed conflict, health, health>diseases and conditions, conflicts, war and peace>armed conflict>war",randcorporation-9528b18dddbae0028543790ac9330f60
who-17b2763b1af2ef755b84cc8e27337a93,Landscape analysis of the opportunities and challenges for neurotechnology in global health,Publication,2025-06-30,https://apps.who.int/iris/handle/10665/381761,1. Headquarters,"Neuromodulation (medicine), Neurotechnology, Neuroimaging",eng,"health>health treatment, health>diseases and conditions, science and technology, health, health>health treatment>medicine",who-21e58fa0cb28e055c4cacde8da6855c0
unidir-411b02f99f1e345178b87500075e8943,"2023 Biorisks, Biosecurity and Biological Disarmament Conference Report",Publication,2024-07-09,https://unidir.org/publication/2023-biorisks-biosecurity-and-biological-disarmament-conference-report/,,"Biosecurity, United Nations Office for Disarmament Affairs, Governance",eng,"science and technology>natural science, science and technology>natural science>biology, science and technology, health, politics, science and technology>natural science>biology>genetics",who-21e58fa0cb28e055c4cacde8da6855c0
who-269e5872975525599bc2ffaddd1d011e,"Global Guiding Framework: Responsible Use of Life Sciences: Mitigating Biological Risks, Governing Dual-Use Research",Publication,2023-06-14,https://apps.who.int/iris/handle/10665/369236,,"Health, Preventive healthcare, Technology",chi,"economy, business and finance, economy, business and finance>economic sector, science and technology>natural science, science and technology>natural science>biology, health>diseases and conditions, science and technology, health, economy, business and finance>economic sector>computing and information technology",who-21e58fa0cb28e055c4cacde8da6855c0
who-083c2a2238ce6b3cd059c032a7e92b40,Global policy framework for the responsible use of life sciences: mitigating biological risks and governing dual research,Publication,2023-06-13,https://apps.who.int/iris/handle/10665/369131,,"Governance, Safety, Natural environment",fre,"science and technology>natural science, health>diseases and conditions>communicable disease, science and technology>natural science>biology, health>diseases and conditions, science and technology, science and technology>natural science>biology>genetics, health, health>diseases and conditions>communicable disease>virus disease",who-21e58fa0cb28e055c4cacde8da6855c0
who-4edc91b17fa672bc52fdef05a27b0791,A global guideline framework for the responsible use of the life sciences: reducing biological risks and regulating dual-use research,Publication,2023-06-13,https://apps.who.int/iris/handle/10665/369130,,"Branches of science, Ecosystem, Artificial intelligence",ara,"economy, business and finance, economy, business and finance>economic sector, lifestyle and leisure, lifestyle and leisure>lifestyle, science and technology>natural science, health, health>diseases and conditions, science and technology, science and technology>natural science>biology, economy, business and finance>economic sector>computing and information technology, lifestyle and leisure>lifestyle>food and drink",who-21e58fa0cb28e055c4cacde8da6855c0
who-7f17601c4d68f6e97900f13184888703,Global Guidelines for the Responsible Use of Life Sciences Research: Biological Risk Reduction and Management of Dual Use Research,Publication,2023-06-13,https://apps.who.int/iris/handle/10665/369132,,"Branches of science, Risk, Innovation",rus,"science and technology>natural science, science and technology>natural science>biology, science and technology, health>diseases and conditions, health, science and technology>natural science>biology>genetics",who-21e58fa0cb28e055c4cacde8da6855c0
who-2328628190847b6aedf513fff1ba338d,Global Guidance Framework for Responsible Use of Life Sciences: Biohazard Reduction and Governance of Dual-Use Research,Publication,2023-06-09,https://apps.who.int/iris/handle/10665/368979,,"Natural environment, Infodemic, Governance",spa,"lifestyle and leisure, lifestyle and leisure>lifestyle, science and technology>natural science, science and technology>natural science>biology, science and technology, health>diseases and conditions, health, science and technology>natural science>biology>genetics, lifestyle and leisure>lifestyle>food and drink",who-21e58fa0cb28e055c4cacde8da6855c0
who-aa3ec977c0703d631c5009c21f3c2496,Global guidance framework for the responsible use of life sciences: mitigating biological risks and governing dual-use research,Publication,2023-01-01,https://apps.who.int/iris/handle/10665/374885,2. Regional Office for Africa,"Branches of science, Disease, Biological warfare",por,"science and technology>natural science>biology, science and technology>natural science, science and technology, science and technology>natural science>biology>genetics, health>diseases and conditions, health, science and technology>social sciences",who-21e58fa0cb28e055c4cacde8da6855c0
unidir-e7852bb83bbd5a3ce4ec5dccb8d2e96a,Assessing the SecBio Platform Proposal for the Biological Weapons Convention,Publication,2022-12-07,https://unidir.org/publication/assessing-the-secbio-platform-proposal-for-the-biological-weapons-convention/,,"Biosecurity, Biological Weapons Convention, United Nations Security Council Resolution 1540",eng,"arts, culture and entertainment, arts, culture and entertainment>culture, health, science and technology, education, arts, culture and entertainment>culture>library and museum",who-21e58fa0cb28e055c4cacde8da6855c0
hiqaie-fe494431b50207363ef7553db68fc69d,Catalogue of institutions undertaking COVID-19 horizon scanning,Clinical guidance,2022-10-19,https://www.hiqa.ie/reports-and-publications/health-technology-assessment/catalogue-institutions-undertaking-covid-19,,"Health, Health informatics, COVID-19 vaccine",eng,"health>health treatment, science and technology>research, health, science and technology, health>health treatment>medicine, science and technology>research>medical research",who-21e58fa0cb28e055c4cacde8da6855c0
interacademies-87ccbd94e76c0729d54d394ee120e1d4,Global guidance framework for the responsible use of the life sciences,Publication,2022-09-12,https://www.interacademies.org/publication/global-guidance-framework-responsible-use-life-sciences,,"Governance, Biosecurity, Biosafety",eng,"science and technology>natural science, science and technology>research, science and technology>natural science>biology, science and technology>natural science>biology>genetics, science and technology, health>diseases and conditions, health, science and technology>research>medical research",who-21e58fa0cb28e055c4cacde8da6855c0
who-f6488bdadd89245cefef23285bb10d1b,Global guidance framework for the responsible use of the life sciences: mitigating biorisks and governing dual-use research,Publication,2022-09-07,https://apps.who.int/iris/handle/10665/362313,,"Branches of science, Biodiversity, Gain-of-function research",eng,"science and technology>natural science, science and technology>natural science>biology, health>diseases and conditions, science and technology, health, science and technology>natural science>biology>genetics",who-21e58fa0cb28e055c4cacde8da6855c0
adviesraadvoorwetenschaptechnologieeninnovatie-472419814c9473107870e24c20f6902b,Corona scenarios thought through: Guide for necessary choices,Publication,2022-09-01,https://www.awti.nl/documenten/publicaties/2022/09/05/index,,"European Union, Virus, Education",dut,"economy, business and finance, science and technology>natural science, education, health, science and technology, science and technology>natural science>biology, health>diseases and conditions, economy, business and finance>economy",who-21e58fa0cb28e055c4cacde8da6855c0
parliamentofnetherlands-f14b3744e675389180617185e2f20533,Corona scenarios thought through: Guidance for necessary choices,Publication,2022-09-01,https://www.eerstekamer.nl/bijlage/20220905/rapportage_coronascenario_s/document3/f=/vlw3kowajtys.pdf,,"COVID-19, European Union, COVID-19 pandemic",dut,"politics, science and technology, health, politics>government, education",who-21e58fa0cb28e055c4cacde8da6855c0
govuk-b6e71ed85a0892c062d6ea2bcc65314a,Biological Security Strategy: call for evidence,Publication,2022-02-16,https://www.gov.uk/government/consultations/biological-security-strategy-call-for-evidence,,"Zoonosis, Risk, Freedom of Information Act (United States)",eng,"health>diseases and conditions, health, science and technology, health>diseases and conditions>illness",who-21e58fa0cb28e055c4cacde8da6855c0
secureworldfoundation-766094206ca289f1ab6b8766691472fd,Future Warfare and Critical Technologies: Evolving Tactics and Strategies,Publication,2024-02-09,https://swfound.org/media/207797/future-warfare-and-critical-technologies_feb-2024.pdf,,"Technology, Cryptocurrency, Simulation",eng,"economy, business and finance, economy, business and finance>economic sector, politics, politics>government, politics>government>defence, politics>government>defence>military equipment, conflicts, war and peace, conflicts, war and peace>armed conflict, economy, business and finance>economic sector>computing and information technology, politics>government>defence>military equipment>military weaponry, economy, business and finance>economic sector>computing and information technology>software, science and technology",carnegieendowment-4dde15fadcc162e97942cc73f7ba46ac
dcafch-478a9b039422092c9426b504219f178f,Digitalization and SSG/R: projections into the future,Publication,2023-10-20,https://www.dcaf.ch/digitalization-and-ssgr-projections-future,,"Technology, Cyberwarfare, DCAF",eng,"economy, business and finance, economy, business and finance>economic sector, economy, business and finance>economic sector>computing and information technology, science and technology, economy, business and finance>economic sector>computing and information technology>software, society, conflicts, war and peace",carnegieendowment-4dde15fadcc162e97942cc73f7ba46ac
observerresearchfoundation-20fd522b637c4821a9e384050b7efcb0,Digital Debates – CyFy Journal 2022,Publication,2022-10-26,https://www.orfonline.org/research/digital-debates-cyfy-journal-2022,,"Aid, Nuclear warfare, Quantum key distribution",eng,"economy, business and finance, economy, business and finance>economic sector, politics, politics>government, politics>government>defence, politics>government>defence>military equipment, conflicts, war and peace, conflicts, war and peace>armed conflict, economy, business and finance>economic sector>computing and information technology, politics>government>defence>military equipment>military weaponry, science and technology, society",carnegieendowment-4dde15fadcc162e97942cc73f7ba46ac
governmentofargentina-13da9dc057bfb835cc89681bea133367,"Open State: Journal on the State, administration and public policies",Publication,2022-02-22,https://www.argentina.gob.ar/sites/default/files/2018/07/vol._5_2.pdf,,"Evaluation, Internet, Learning",spa,"politics, politics>government, education, science and technology",carnegieendowment-4dde15fadcc162e97942cc73f7ba46ac
cigi-543dacb4be7ca7631e519327ec2e54d7,Emerging Security Challenges for Canada in the Coming Decade,Publication,2021-10-19,https://www.cigionline.org/publications/emerging-security-challenges-for-canada-in-the-coming-decade/,,"Computer security, Centre for International Governance Innovation, Security",eng,"politics, conflicts, war and peace, conflicts, war and peace>armed conflict, politics>government, politics>government>defence",carnegieendowment-4dde15fadcc162e97942cc73f7ba46ac
prinpnepal-05a12d7ad8345cb8ee440ebb38298dc9,"N.A.P. Q.No. 71 - National Interest: Theoretical Concepts, Dimensions and Practice",Publication,False,https://kms.pri.gov.np/dams/?r=20022&k=378f786c83,,,fin,"science and technology, science and technology>social sciences, politics, science and technology>social sciences>political science, science and technology>social sciences>philosophy, conflicts, war and peace, conflicts, war and peace>armed conflict",carnegieendowment-4dde15fadcc162e97942cc73f7ba46ac
sipri-3160e0c4944d7cf15e79d7f0311422c9,Cloud Labs and Other New Actors in the Biotechnology Ecosystem: Export Control Challenges and Good Practices in Outreach,Publication,2025-05-01,https://www.sipri.org/publications/2025/eu-non-proliferation-and-disarmament-papers/cloud-labs-and-other-new-actors-biotechnology-ecosystem-export-control-challenges-and-good-practices,,"Biosecurity, Dual-use technology, Nuclear proliferation",eng,"science and technology>natural science, science and technology>natural science>biology, science and technology, science and technology>natural science>biology>genetics, health",10.2861/620590
govdeptsspain-10ae2a670f08a6130c5c62d2565cbb86,Geopolitics of military power. Strategy Notebook 224,Publication,2024-03-05,https://publicaciones.defensa.gob.es/media/downloadable/files/links/g/e/geopol_tica_del_poder_militar_ce_224.pdf,,"Law, Submarine-launched ballistic missile, Amphibious assault ship",spa,"conflicts, war and peace, conflicts, war and peace>armed conflict, politics>government, politics>government>defence, politics>government>defence>military equipment, politics>government>defence>military equipment>military weaponry, politics>government>defence>armed forces, politics, science and technology",10.2861/620590
europeanleadershipnetwork-543a072e47d9138bd3e5181023b7bbf1,3D printing and WMD terrorism: a threat in the making?,Publication,2024-01-10,https://europeanleadershipnetwork.org/3d-printing-and-wmd-terrorism-a-threat-in-the-making/,,"3D printing, Weapon of mass destruction, Terrorism",eng,"politics>government, politics>government policy, politics>government>defence>military equipment, science and technology, politics>government>defence>military equipment>military weaponry, conflicts, war and peace, politics, conflicts, war and peace>act of terror, politics>government>defence, politics>government policy>nuclear policy",10.2861/620590
sipri-44d8d7d6f3035391226c131c5147a2c0,Biosecurity Risk Assessment in the Life Sciences: Towards a Toolkit for Individual Practitioners,Publication,2023-03-01,https://www.sipri.org/publications/2023/policy-reports/biosecurity-risk-assessment-life-sciences-towards-toolkit-individual-practitioners,,"Biosecurity, Risk, Biosafety",eng,"science and technology>natural science, science and technology>natural science>biology, science and technology, science and technology>natural science>biology>genetics, health, society, health>diseases and conditions",10.2861/620590
randcorporation-b9eb3b2bd39252944080af5a1cc0a22b,Biotechnology and Today's Warfighter,Blog post,2022-10-25,https://www.rand.org/blog/2022/10/biotechnology-and-todays-warfighter.html,,"Biotechnology, Biobased economy, Health",eng,"science and technology>natural science, health>health treatment, health, science and technology, health>diseases and conditions, health>health treatment>medicine, science and technology>natural science>biology",10.2861/620590
randcorporation-9f104bb2384d6ed5a7416e8c6231cba4,Biotechnology and Today's Warfighter,Blog post,2022-10-25,https://www.rand.org/pubs/commentary/2022/10/biotechnology-and-todays-warfighter.html,,"Biotechnology, Bioeconomy, Biological warfare",eng,"science and technology>natural science, health>health treatment, health, science and technology, health>diseases and conditions, health>health treatment>medicine, science and technology>natural science>biology",10.2861/620590
euparl_library-0e23ed48f5bccd4eb65cf0d5742984ab,Innovative technologies shaping the 2040 battlefield,Publication,2021-08-02,https://www.europarl.europa.eu/thinktank/en/document/EPRS_STU(2021)690038,,"Artificial intelligence, European Union, Anti-satellite weapon",eng,"economy, business and finance, economy, business and finance>economic sector, politics, politics>government, politics>government>defence, politics>government>defence>military equipment, conflicts, war and peace, conflicts, war and peace>armed conflict, science and technology, economy, business and finance>economic sector>computing and information technology, politics>government>defence>military equipment>military weaponry",10.2861/620590
stoa-192075da7edda247633441d124ef8f6b,Innovative technologies shaping the 2040 battlefield | Panel for the Future of Science and Technology (STOA) | European Parliament,Publication,2021-08-02,https://www.europarl.europa.eu/stoa/en/document/EPRS_STU(2021)690038,,"Machine learning, Artificial intelligence, European Parliamentary Research Service",eng,"economy, business and finance, economy, business and finance>economic sector, politics, politics>government, politics>government>defence>military equipment, science and technology>natural science, conflicts, war and peace, conflicts, war and peace>armed conflict, science and technology, politics>government>defence>military equipment>military weaponry, politics>government>defence, economy, business and finance>economic sector>computing and information technology, science and technology>natural science>biology",10.2861/620590
unidir-41e6966551ec76d91fea40599284a653,Science and Technology for WMD Compliance Monitoring and Investigations,Publication,2020-12-11,https://unidir.org/publication/science-and-technology-for-wmd-compliance-monitoring-and-investigations/,,"Chemical Weapons Convention, Artificial intelligence, Organisation for the Prohibition of Chemical Weapons",eng,"economy, business and finance, economy, business and finance>economic sector, economy, business and finance>economic sector>computing and information technology, science and technology, economy, business and finance>economic sector>energy and resource, economy, business and finance>economic sector>computing and information technology>software",10.2861/620590
sipri-23464a70af4919ecc97ac297ef512f65,Post-shipment Control Measures: European Approaches to On-site Inspections of Exported Military Materiel,Publication,2020-12-01,https://www.sipri.org/publications/2020/sipri-background-papers/post-shipment-control-measures-european-approaches-site-inspections-exported-military-materiel,,"Small Arms and Light Weapons, European Union, United Nations Office on Drugs and Crime",eng,"politics>government>defence>military equipment, conflicts, war and peace, politics>government>defence>military equipment>military weaponry, conflicts, war and peace>armed conflict, politics>government, politics>government>defence, politics",10.2861/620590
sipri-1d339d777ded566a5d3a19e326ed725d,Responsible Artificial Intelligence Research and Innovation for International Peace and Security,Publication,2020-11-01,https://www.sipri.org/publications/2020/other-publications/responsible-artificial-intelligence-research-and-innovation-international-peace-and-security,,"Artificial intelligence, Research, Risk",eng,"economy, business and finance, economy, business and finance>economic sector, politics, politics>government, politics>government>defence>military equipment, science and technology, conflicts, war and peace, economy, business and finance>economic sector>computing and information technology, conflicts, war and peace>armed conflict, politics>government>defence, politics>government>defence>military equipment>military weaponry",10.2861/620590
govdeptsspain-5d7f68511846f95fece8442588ee15ce,IEEE Bulletin Number 17 2020,Publication,2020-06-30,https://bibliotecavirtual.defensa.gob.es/BVMDefensa/en/catalogo_imagenes/grupo.do?path=207660,,"Influenza, Israel, Ebola",spa,"health>diseases and conditions>communicable disease, health>diseases and conditions, health, health>diseases and conditions>illness, health>diseases and conditions>communicable disease>epidemic, conflicts, war and peace, conflicts, war and peace>armed conflict",10.2861/620590
sipri-49739468b96d4f97751915abbe5b8d22,"Artificial Intelligence, Strategic Stability and Nuclear Risk",Publication,2020-06-01,https://www.sipri.org/publications/2020/other-publications/artificial-intelligence-strategic-stability-and-nuclear-risk,,"Artificial intelligence, Dead Hand, Machine learning",eng,"economy, business and finance, economy, business and finance>economic sector, conflicts, war and peace, conflicts, war and peace>armed conflict, economy, business and finance>economic sector>computing and information technology, science and technology, politics>government, politics>government>defence, politics, education",10.2861/620590
govdeptsspain-dcf6db1ec05a595dada4f4a1f9c7dea6,Pandemic emergencies,Publication,2020-04-22,https://bibliotecavirtual.defensa.gob.es/BVMDefensa/es/catalogo_imagenes/grupo.do?path=207661,,"Goma, Ebola, Public Health Emergency of International Concern",spa,"health>diseases and conditions, health>diseases and conditions>communicable disease, health>diseases and conditions>illness, health, health>diseases and conditions>communicable disease>virus disease",10.2861/620590
hcss-9867456d5a9442392ac02bcafd8d7778,Strategic Monitor 2019-2020 - The Writing on the Wall,Publication,2020-01-21,https://hcss.nl/report/strategic-monitor-2019-2020-writing-wall,,"Cyberwarfare, Computer security, Cyberattack",eng,"crime, law and justice, conflicts, war and peace, conflicts, war and peace>armed conflict, politics, politics>government, crime, law and justice>crime, politics>international relations, science and technology, conflicts, war and peace>armed conflict>war, society, politics>government>defence",10.2861/620590
hcss-7b29486a9482726143b25868dd141a25,Strategic Monitor 2019-2020 - The Writing on the Wall | HCSS,Publication,2020-01-21,https://hcss.nl/report/strategic-monitor-2019-2020-the-writing-on-the-wall/,,"Computer security, Cyberwarfare, Cyberattack",eng,"conflicts, war and peace, politics>government, politics>government>defence, conflicts, war and peace>armed conflict, politics>international relations, politics>international relations>diplomacy, politics",10.2861/620590
unitednations-9b5e7b3e21681a1d96c16c978dc4bb18,Navigating disarmament education :the Peace Boat model,Publication,2020-01-01,https://digitallibrary.un.org/record/3934406?ln=en,"DISARMAMENT EDUCATION, NUCLEAR DISARMAMENT","Peace Boat, Hibakusha, Nuclear disarmament",eng,"politics>government>defence>military equipment, economy, business and finance>economic sector, politics>government>defence, politics>government, politics>government policy, politics, economy, business and finance, disaster, accident and emergency incident>accident and emergency incident>industrial accident and incident, disaster, accident and emergency incident>accident and emergency incident, disaster, accident and emergency incident, conflicts, war and peace>post-war reconstruction, disaster, accident and emergency incident>accident and emergency incident>industrial accident and incident>nuclear accident and incident, conflicts, war and peace, conflicts, war and peace>post-war reconstruction>disarmament, economy, business and finance>economic sector>energy and resource, conflicts, war and peace>armed conflict, politics>government policy>nuclear policy, politics>government>defence>military equipment>military weaponry, education",10.2861/620590
tnonl-214d3bf52f518b9acc93d99cd4f922ca,Science and technology for monitoring and investigation of WMD compliance,Publication,2020-01-01,https://repository.tno.nl/SingleDoc?docId=52401,,"Chemical Weapons Convention, Artificial intelligence, Organisation for the Prohibition of Chemical Weapons",eng,"economy, business and finance, economy, business and finance>economic sector, science and technology>natural science, science and technology, economy, business and finance>economic sector>computing and information technology, science and technology>natural science>chemistry, economy, business and finance>economic sector>computing and information technology>software",10.2861/620590
unidir-7d9f6c1424431f5a126c7f4e214ffb2e,Compliance and Enforcement: Lessons from across WMD-Related Regimes,Publication,2019-12-19,https://unidir.org/publication/compliance-and-enforcement-lessons-from-across-wmd-related-regimes/,,"Arms control, Nuclear proliferation, Chemical Weapons Convention",eng,"conflicts, war and peace>post-war reconstruction, politics>government, politics>government>defence, politics>government>defence>military equipment, conflicts, war and peace, politics>government>defence>military equipment>military weaponry, conflicts, war and peace>armed conflict, science and technology, conflicts, war and peace>armed conflict>war, conflicts, war and peace>post-war reconstruction>disarmament, politics",10.2861/620590
unidir-9f31969c18c7c282494bbb533c5d8cba,Compliance and Enforcement in the Biological Weapons Regime,Publication,2019-12-04,https://unidir.org/publication/compliance-and-enforcement-in-the-biological-weapons-regime/,,"Biological Weapons Convention, Verex, Biological agent",eng,"politics>government, conflicts, war and peace>post-war reconstruction, politics>government>defence, politics>government>defence>military equipment, politics>international relations, conflicts, war and peace, conflicts, war and peace>armed conflict, politics>government>defence>military equipment>military weaponry, conflicts, war and peace>post-war reconstruction>disarmament, science and technology, politics, politics>international relations>diplomacy",10.2861/620590
clingendael-27236be94f50dff80863fc78249e2d72,Global Security Pulse: Weapons of Mass Destruction,Publication,2019-08-26,https://www.clingendael.org/publication/global-security-pulse-weapons-mass-destruction,,"Dual-use technology, Nuclear weapon, Arms control",eng,"politics>government>defence>military equipment, politics>government>defence, politics, politics>government, conflicts, war and peace, conflicts, war and peace>armed conflict, politics>government>defence>military equipment>military weaponry, politics>international relations",10.2861/620590
sipri-e8d3b55e2081482e93e779e6a6d8acc7,The Impact of Artificial Intelligence on Strategic Stability and Nuclear Risk,Publication,2019-05-01,https://www.sipri.org/publications/2019/other-publications/impact-artificial-intelligence-strategic-stability-and-nuclear-risk,,"Artificial intelligence, Dead Hand, Deep learning",eng,"economy, business and finance, economy, business and finance>economic sector, politics, economy, business and finance>economic sector>computing and information technology, conflicts, war and peace, science and technology, conflicts, war and peace>armed conflict, education, politics>government>defence, politics>government, science and technology>social sciences",10.2861/620590
eurlex-b3f5d7a312ca8a675475db44747a952e,"Commission Recommendation (EU) 2021/1700 of 15 September 2021 on internal compliance programmes for controls of research involving dual-use items under Regulation (EU) 2021/821 of the European Parliament and of the Council setting up a Union regime for the control of exports, brokering, technical assistance, transit and transfer of dual-use items",Publication,2021-09-22,https://eur-lex.europa.eu/legal-content/EN/TXT/PDF/?uri=CELEX:32021H1700,,"Nuclear proliferation, Research, Export control",eng,"economy, business and finance>economic sector, economy, business and finance, economy, business and finance>economic sector>computing and information technology, science and technology, economy, business and finance>economic sector>computing and information technology>software",10.2760/26856
sipri-c6a164c2ca8be731d72b73ad4b2f9fd4,The challenge of software and technology transfers to non-proliferation efforts: Implementing and complying with export controls,Publication,2018-04-01,https://www.sipri.org/publications/2018/other-publications/challenge-software-and-technology-transfers-non-proliferation-efforts-implementing-and-complying,,"Human activities, Technology, Wassenaar Arrangement",eng,"economy, business and finance, economy, business and finance>economic sector, economy, business and finance>economic sector>computing and information technology, education, politics, economy, business and finance>economy, economy, business and finance>economic sector>computing and information technology>software",10.2760/26856
unidir-e954c663d4119886a3e4edc7f54ce48e,Exploring Science and Technology Review Mechanisms Under the Biological Weapons Convention,Publication,2021-06-15,https://unidir.org/publication/exploring-science-and-technology-review-mechanisms-under-the-biological-weapons-convention/,,"Consensus decision-making, World Health Organization, Delphi method",eng,"economy, business and finance, economy, business and finance>economic sector, politics>government, science and technology, politics>government>defence, politics, economy, business and finance>economic sector>computing and information technology",royalsociety-b7d7df6e8f7c5819c438db0dfc31b0de
royalsociety-8bbb573d816b90bd86aad82545e4bb9c,EU Regulation & Policy in Governing UK Research,Publication,2017-08-11,https://royalsociety.org/topics-policy/projects/uk-research-and-european-union/role-of-EU-regulation-and-policy-in-governing-UK-research,,"European Union, European Parliament, Council of the European Union",eng,"science and technology>natural science, crime, law and justice, science and technology, health, politics>government, politics, society, science and technology>natural science>biology, crime, law and justice>judiciary, politics>international relations",royalsociety-b7d7df6e8f7c5819c438db0dfc31b0de
easacbe-09e287fe04c193c161dfb1d0647fd110,"Genome Editing: Scientific opportunities, public interests, and policy options in the EU",Publication,2017-03-16,https://easac.eu/publications/details/genome-editing-scientific-opportunities-public-interests-and-policy-options-in-the-eu/,,"Guide RNA, Genome editing, CRISPR gene editing",eng,"health, science and technology>natural science>biology, science and technology>natural science, science and technology>natural science>biology>genetics, science and technology, health>diseases and conditions",royalsociety-b7d7df6e8f7c5819c438db0dfc31b0de
easacbe-32e7c38d9e3e5488d36ca577108f2e54,"Genome Editing: Scientific opportunities, public interests, and policy options in the EU",Publication,2017-03-16,https://easac.eu/publications/details/genome-editing-scientific-opportunities-public-interests-and-policy-options-in-the-eu,,"Cas9, Guide RNA, Genome editing",eng,"health, science and technology>natural science>biology, science and technology>natural science, science and technology>natural science>biology>genetics, science and technology, health>diseases and conditions",royalsociety-b7d7df6e8f7c5819c438db0dfc31b0de
nuffbioethics-b93efe1560fcf34c0951ab8f2a66545e,Genome editing: an ethical review,Publication,2017-02-09,https://www.nuffieldbioethics.org/publications/genome-editing-an-ethical-review,,"Genome editing, Transcription activator-like effector nuclease, Zinc finger nuclease",eng,"health, health>diseases and conditions, health>diseases and conditions>communicable disease, science and technology>natural science>biology, science and technology>natural science, science and technology>natural science>biology>genetics, science and technology, health>diseases and conditions>communicable disease>virus disease",royalsociety-b7d7df6e8f7c5819c438db0dfc31b0de
oieint-92cf3202a22a1b4af4a58953b0195907,"Proceedings of the first OIE Global Conference on Biological Threat Reduction, Paris, France, 30 June–2 July 2015",Publication,2017-01-01,https://doc.oie.int/dyn/portal/index.xhtml?page=alo&aloId=34803,,"One Health, Antimicrobial resistance, Biological warfare",eng,"health, health>diseases and conditions>communicable disease, science and technology, science and technology>natural science, health>diseases and conditions>illness, health>diseases and conditions>communicable disease>virus disease, science and technology>natural science>biology, health>diseases and conditions, science and technology>natural science>biology>genetics",royalsociety-b7d7df6e8f7c5819c438db0dfc31b0de
royalsociety-c5eca1d244b9ea9a62b233ae3cf2edb9,Sackler Forum: Trends in synthetic biology and gain of function and regulatory implications,Publication,2016-11-28,https://royalsociety.org/topics-policy/publications/2016/sackler-forum-report,,"Life sciences, Organisms, Risk",eng,"health>diseases and conditions>communicable disease, science and technology>natural science>biology, science and technology>natural science, health>diseases and conditions>communicable disease>virus disease, science and technology, science and technology>natural science>biology>genetics, health>diseases and conditions, health",royalsociety-b7d7df6e8f7c5819c438db0dfc31b0de
royalsociety-5cdb1a045446be20a0c447dab6c574b6,Consultation response: Commons Science and Technology Committee inquiry into science in emergencies,Publication,2016-05-26,https://royalsociety.org/topics-policy/publications/2016/consultation-response-commons-inquiry-into-science-in-emergencies,,"Science, CBRN defense, Expert",eng,"society>values, science and technology, society, society>values>ethics",royalsociety-b7d7df6e8f7c5819c438db0dfc31b0de
royalsociety-716a1cb79af10d5f7f6822250faba04d,Submission to the Nuffield Council on Bioethics on Genome Editing,Publication,2016-02-18,https://royalsociety.org/topics-policy/publications/2016/submission-genome-editing,,"Genome editing, Genetic engineering, Cas9",eng,"health>diseases and conditions>communicable disease, science and technology>natural science>biology, science and technology>natural science, science and technology>natural science>biology>genetics, science and technology, health, health>diseases and conditions, health>diseases and conditions>communicable disease>virus disease",royalsociety-b7d7df6e8f7c5819c438db0dfc31b0de
ecdc-86ea2521533c5f213aa49c252c0b33d7,Surveillance report: Avian influenza overview November 2018 - February 2019,Publication,2019-03-26,https://www.ecdc.europa.eu/en/publications-data/surveillance-report-avian-influenza-overview-november-2018-february-2019,,"Avian influenza, Influenza A virus subtype H7N9, Influenza A virus subtype H5N1",eng,"science and technology>natural science, health>diseases and conditions>communicable disease>virus disease, health>diseases and conditions, health, science and technology>natural science>biology, science and technology, health>diseases and conditions>communicable disease",10.2903/j.efsa.2016.4687
ecdc-6abb21239baa93fbdfbb281e717896ef,Surveillance report: Avian influenza overview August – November 2018,Publication,2019-01-24,https://www.ecdc.europa.eu/en/publications-data/surveillance-report-avian-influenza-overview-august-november-2018,,"Avian influenza, Influenza A virus subtype H5N1, Influenza A virus subtype H7N9",eng,"science and technology>natural science, health>diseases and conditions, health>diseases and conditions>communicable disease>virus disease, health, science and technology>natural science>biology, science and technology, health>diseases and conditions>communicable disease",10.2903/j.efsa.2016.4687
govuk-69ec4b34e59a30ad1bad8932bbb754a9,Avian influenza (bird flu) in Europe and in the UK,Publication,2018-11-13,https://www.gov.uk/government/publications/avian-influenza-bird-flu-in-europe,,"Epidemiology, Health sciences, Public health",eng,"science and technology, health>diseases and conditions, science and technology>natural science, health, health>diseases and conditions>communicable disease>epidemic, health>diseases and conditions>communicable disease>virus disease, science and technology>natural science>biology, health>diseases and conditions>communicable disease",10.2903/j.efsa.2016.4687
ecdc-41c3f22a72d1c08616990af1eb697fb6,Zoonotic influenza - Annual Epidemiological Report for 2016,Publication,2018-03-14,https://www.ecdc.europa.eu/en/publications-data/zoonotic-influenza-annual-epidemiological-report-2016,,"Influenza A virus subtype H7N9, Influenza A virus, Influenza A virus subtype H5N1",eng,"health>diseases and conditions, health>diseases and conditions>communicable disease>virus disease, health, health>diseases and conditions>illness, health>diseases and conditions>communicable disease",10.2903/j.efsa.2016.4687
fao-3f66830ba288d417aab0db0190772812,Highly pathogenic H5 avian influenza in 2016 and early 2017,Publication,2017-01-01,https://openknowledge.fao.org/handle/20.500.14283/I8068EN,"1 - Продукты знаний, Publicaciones, value chains","Birds, Influenza A virus subtype H5N8, Influenza A virus subtype H5N1",eng,"health>diseases and conditions, science and technology, science and technology>natural science, health, health>diseases and conditions>communicable disease>epidemic, health>diseases and conditions>communicable disease>virus disease, science and technology>natural science>biology, health>diseases and conditions>communicable disease>virus disease>retrovirus, health>diseases and conditions>communicable disease",10.2903/j.efsa.2016.4687
fao-4f5a484a03a0518f00a3d09890a8b07a,Highly pathogenic H5 avian influenza in 2016 and early 2017,Publication,2017-01-01,https://openknowledge.fao.org/handle/20.500.14283/i8068en,"1 - Продукты знаний, CCK_ClimateScience, FAO COFO meeting parameter, FAO Conferences meeting parameter, FAO Council meeting parameter, Publicaciones","Birds, Influenza A virus subtype H5N8, Influenza A virus subtype H5N1",eng,"health>diseases and conditions, science and technology, science and technology>natural science, health, health>diseases and conditions>communicable disease>epidemic, health>diseases and conditions>communicable disease>virus disease, science and technology>natural science>biology, health>diseases and conditions>communicable disease>virus disease>retrovirus, health>diseases and conditions>communicable disease",10.2903/j.efsa.2016.4687
parliamentofaustria-792a1b3a05cdad1a220eb42d14d5dcb5,R&amp;TA monitoring for the Austrian Parliament,Publication,2022-11-21,https://www.parlament.gv.at/dokument/fachinfos/zukunftsthemen/000_Bericht_gesamt_aktualisiert_November2022.pdf,,"Futures studies, Artificial intelligence, Privacy",ger,"economy, business and finance>economic sector, economy, business and finance, science and technology, economy, business and finance>economic sector>energy and resource",tabde-d5c66a1587b61e8b39c2be111b3a2c40
parliamentofaustria-eed8687cd0dc8654c5145a612d4fd03d,Artificial life,Publication,2022-11-20,https://www.parlament.gv.at/dokument/fachinfos/zukunftsthemen/023_kuenstliches_leben.pdf,,"Genetics, Science, Branches of science",ger,"science and technology>natural science>biology, science and technology, science and technology>natural science, science and technology>natural science>biology>genetics, health",tabde-d5c66a1587b61e8b39c2be111b3a2c40
parliamentofaustria-bea0b827a76289340a199645a0f9ef33,R&amp;TA monitoring for the Austrian Parliament,Publication,2021-11-08,https://fachinfos.parlament.gv.at/wp-content/uploads/2021/11/000_Bericht_gesamt_aktualisiert_November2021_korr.pdf,,"Technology, Social media, Dystopia",ger,"economy, business and finance, economy, business and finance>economic sector, politics, politics>government, economy, business and finance>economic sector>computing and information technology, science and technology, economy, business and finance>economy, economy, business and finance>economic sector>media, politics>government>parliament",tabde-d5c66a1587b61e8b39c2be111b3a2c40
parliamentofaustria-13d6115bb39af863ce2c4ed0209bcb5a,R&amp;TA monitoring for the Austrian Parliament,Publication,2021-05-17,https://fachinfos.parlament.gv.at/wp-content/uploads/2021/05/000_bericht_gesamt_aktualisiert_Mai2021.pdf,,"Nudge theory, Artificial intelligence, Dystopia",ger,"economy, business and finance, economy, business and finance>economic sector, science and technology, politics>government, economy, business and finance>economic sector>computing and information technology, economy, business and finance>economy, politics",tabde-d5c66a1587b61e8b39c2be111b3a2c40
parliamentofaustria-7dda240e1805af29350de78806e7e197,R&amp;TA monitoring for the Austrian Parliament,Publication,2020-05-13,https://www.parlament.gv.at/ZUSD/FTA/FTA-Monitoring_Mai2020_gesamt.pdf,,"Nudge theory, Artificial intelligence, Information privacy",ger,"economy, business and finance, economy, business and finance>economic sector, health>diseases and conditions, science and technology, economy, business and finance>economic sector>computing and information technology, health",tabde-d5c66a1587b61e8b39c2be111b3a2c40
parliamentofaustria-6d73d93987dc0e0384118acc495a96d0,Foresight and Technology Assessment: Monitoring Future Topics for the Austrian Parliament,Publication,2019-12-04,https://www.parlament.gv.at/ZUSD/FTA/FTA-Monitoring_November2019_gesamt.pdf,,"Face detection, Technology, Nudge theory",ger,"economy, business and finance, economy, business and finance>economic sector, science and technology>natural science, science and technology, science and technology>natural science>biology, economy, business and finance>economy, health, economy, business and finance>economic sector>computing and information technology",tabde-d5c66a1587b61e8b39c2be111b3a2c40
itaost-8121437063353e1d0989c3b91bc6c5b9,Foresight and Technology Assessment: Monitoring Future Issues for the Austrian Parliament Report Version: June 2019. Report-No. ITA-AIT-8; Institute of Technology Assessment / Austrian Institute of Technology: Vienna; on behalf of: Parliamentary Directorate.,Publication,2019-06-23,http://epub.oeaw.ac.at/ita/ita-projektberichte/ITA-AIT-8.pdf,,"Nudge theory, Information privacy, Deepfake",ger,"economy, business and finance, economy, business and finance>economic sector, science and technology>natural science, science and technology, science and technology>natural science>biology, economy, business and finance>economic sector>computing and information technology, health, society",tabde-d5c66a1587b61e8b39c2be111b3a2c40
tabde-21195ef029823bab6c2b33f97b3aedee,The potential of algae-based raw materials for truck traffic,Publication,2019-06-01,http://www.tab-beim-bundestag.de/de/pdf/publikationen/berichte/TAB-Arbeitsbericht-ab181.pdf,,"Chemistry, Biomass to liquid, Sustainable Development Goals",ger,"economy, business and finance, science and technology>natural science, environment, science and technology, environment>natural resources, economy, business and finance>economic sector>chemicals, science and technology>natural science>biology, economy, business and finance>economic sector>energy and resource, economy, business and finance>economy, economy, business and finance>economic sector",tabde-d5c66a1587b61e8b39c2be111b3a2c40
parliamentofaustria-27c7abc4b02d5cdb49c25f96f3366b65,R&amp;TA monitoring for the Austrian Parliament,Publication,2018-11-26,https://www.parlament.gv.at/ZUSD/PDF/FTA_11.pdf,,"Artificial life, CRISPR gene editing, Biology",ger,"science and technology>natural science>biology, science and technology>natural science, science and technology>natural science>biology>genetics, science and technology, health",tabde-d5c66a1587b61e8b39c2be111b3a2c40
itaost-db06ab04a96f8a52fba1727df782e88d,Foresight and Technology Assessment: Monitoring Future Issues for the Austrian Parliament. Report version: May 2018. Report no. ITA-AIT-6; Institute of Technology Assessment / Austrian Institute of Technology: Vienna; on behalf of: Parliamentary Directorate.,Publication,2018-06-08,http://epub.oeaw.ac.at/ita/ita-projektberichte/ITA-AIT-6.pdf,,"Artificial intelligence, Virtual reality, Augmented reality",ger,"economy, business and finance, economy, business and finance>economic sector, science and technology>natural science, science and technology>natural science>biology, science and technology, economy, business and finance>economic sector>computing and information technology, environment, economy, business and finance>economy",tabde-d5c66a1587b61e8b39c2be111b3a2c40
parliamentofaustria-329b420ca560ca0dc1699a9d6623b615,R&amp;TA monitoring for the Austrian Parliament,Publication,2018-06-08,https://www.parlament.gv.at/ZUSD/PDF/FTA-Monitoring_Mai2018_fin.pdf,,"Artificial intelligence, Virtual reality, Sustainable Development Goals",ger,"economy, business and finance, economy, business and finance>economic sector, science and technology>natural science, science and technology, science and technology>natural science>biology, economy, business and finance>economic sector>computing and information technology, science and technology>natural science>biology>genetics",tabde-d5c66a1587b61e8b39c2be111b3a2c40
tabde-1129c514a8f9922b5bb95f49b99ad352,Robotics and Assistive Neurotechnology in Nursing - Societal Challenges,Publication,2018-04-01,http://www.tab-beim-bundestag.de/de/pdf/publikationen/berichte/TAB-Arbeitsbericht-ab177.pdf,,"General Data Protection Regulation, Damages, Long-term care insurance in Germany",ger,"economy, business and finance, economy, business and finance>economic sector, economy, business and finance>economic sector>financial and business service, society, society>values, health, science and technology, labour, economy, business and finance>economic sector>financial and business service>insurance, science and technology>social sciences, politics, society>values>ethics",tabde-d5c66a1587b61e8b39c2be111b3a2c40
itaost-37b0e46da51e46893d0270619e07ce77,Foresight and Technology Assessment: Monitoring of future topics for the Austrian Parliament; Report version: November 2017. Report no. ITA-AIT-5; Institute of Technology Assessment / Austrian Institute of Technology: Vienna; on behalf of: Parliamentary Directorate.,Publication,2018-03-23,http://epub.oeaw.ac.at/ita/ita-projektberichte/ITA-AIT-5.pdf,,"Augmented reality, Virtual reality, Hydrogen",ger,"economy, business and finance, science and technology, science and technology>natural science>biology, science and technology>natural science, health, economy, business and finance>economic sector>computing and information technology, economy, business and finance>economic sector, science and technology>natural science>biology>genetics",tabde-d5c66a1587b61e8b39c2be111b3a2c40
parliamentofaustria-b7525a20d835435dd9eeff4df5f8b631,Foresight and Technology Assessment: Monitoring of future issues for the Austrian Parliament,Publication,2018-03-23,https://www.parlament.gv.at/ZUSD/PDF/FTA-Monitoring_November2017_final_230318.pdf,,"Augmented reality, Hydrogen, Organ transplantation",ger,"economy, business and finance, economy, business and finance>economic sector, science and technology>natural science, science and technology>natural science>biology, science and technology, economy, business and finance>economic sector>computing and information technology, science and technology>natural science>biology>genetics, economy, business and finance>economic sector>energy and resource, health",tabde-d5c66a1587b61e8b39c2be111b3a2c40
boellde-53c98abef1d1bbec57892127ff716812,Disputed Nature - Biodiversity and its Convention,Publication,2016-12-03,https://www.boell.de/en/2016/12/05/disputed-nature-biodiversity-and-its-convention,,"Convention on Biological Diversity, Agricultural biodiversity, Climate engineering",eng,"science and technology>natural science>biology, environment, science and technology, environment>nature, science and technology>social sciences, science and technology>natural science>biology>genetics, politics, science and technology>natural science",tabde-d5c66a1587b61e8b39c2be111b3a2c40
tabde-a1f0059920a3b3b24c4f8bb37061f0e1,»White Biotechnology - Innovation Analysis Part II. Status and Perspectives of Industrial Biotechnology: Environmental and Sustainability Potential«,Publication,2016-11-01,http://www.tab-beim-bundestag.de/de/pdf/publikationen/berichte/TAB-Arbeitsbericht-ab169.pdf,,"Nature, Chemistry, Biology",ger,"economy, business and finance, economy, business and finance>economic sector, lifestyle and leisure, lifestyle and leisure>lifestyle, lifestyle and leisure>lifestyle>food and drink, science and technology>natural science, economy, business and finance>economic sector>chemicals, economy, business and finance>economic sector>chemicals>organic chemical, lifestyle and leisure>lifestyle>food and drink>organic food, science and technology>natural science>biology, science and technology",tabde-d5c66a1587b61e8b39c2be111b3a2c40
tabde-a1f1286c1eea1877d9e6e07032833493,"&quot;White Biotechnology - Innovation Analysis Part I. Status and Perspectives of Industrial Biotechnology: Processes, Applications, Economic Perspectives&quot;",Publication,2016-11-01,http://www.tab-beim-bundestag.de/de/pdf/publikationen/berichte/TAB-Arbeitsbericht-ab168.pdf,,"Nature, Biology, Chemistry",ger,"economy, business and finance, economy, business and finance>economic sector, lifestyle and leisure, lifestyle and leisure>lifestyle, lifestyle and leisure>lifestyle>food and drink, science and technology>natural science, economy, business and finance>economic sector>chemicals, economy, business and finance>economic sector>chemicals>organic chemical, economy, business and finance>economic sector>chemicals>inorganic chemical, science and technology>natural science>biology, lifestyle and leisure>lifestyle>food and drink>organic food, science and technology",tabde-d5c66a1587b61e8b39c2be111b3a2c40
tabde-054220faa51316045cf183c7cd76c6a4,Synthetic Biology,Publication,2015-12-01,https://www.tab-beim-bundestag.de/de/pdf/publikationen/tab-brief/TAB-Brief-046.pdf,,"Biology, Life sciences, Organisms",ger,"science and technology>natural science>biology, science and technology>natural science, science and technology>natural science>biology>genetics, science and technology, health>diseases and conditions, health",tabde-d5c66a1587b61e8b39c2be111b3a2c40
governmentofargentina-6a4fec770619e0c54791254efc5524f9,| Institute for Production for the,Publication,2023-11-29,https://www.argentina.gob.ar/sites/default/files/29112023_mincyt_pps_elementos_conceptuales_para_promover_parques_de_produccion_social.pdf,,"Technology, Recycling, Entrepreneurship",spa,"economy, business and finance, economy, business and finance>economic sector, economy, business and finance>economy, education, science and technology, economy, business and finance>economic sector>computing and information technology, environment",10.2791/240743
govuk-2cb321aedf42c2b0f9e4db04295d9aa5,Closing the gap: getting from principles to practice for innovation friendly regulation,Publication,2022-06-15,https://www.gov.uk/government/publications/closing-the-gap-getting-from-principles-to-practice-for-innovation-friendly-regulation,,"Scenario planning, Ethics, Best practice",eng,"crime, law and justice, crime, law and justice>law, politics, politics>government policy, politics>government policy>regulatory of industry, science and technology, crime, law and justice>law>civil law>regulation, politics>government policy>regulatory of industry>food and drink regulations, crime, law and justice>law>civil law",10.2791/240743
governmentofargentina-b9d17793f0b54780bc1c7f3ca2724aff,Conceptual Elements for Promoting Social Production Parks,Publication,2021-05-18,https://www.argentina.gob.ar/sites/default/files/empresas_sociales_informe_mincyt.pdf,,"Economy, Latin America, Inflation",spa,"economy, business and finance, economy, business and finance>economic sector, education>school, economy, business and finance>economic sector>computing and information technology, education, economy, business and finance>economy, science and technology",10.2791/240743
royalsociety-6dad661b309efae9219bcd7a06817b97,Neural interfaces – 2019 report,Publication,2019-08-22,https://royalsociety.org/topics-policy/projects/ihuman-perspective,,"Cochlea, Electroencephalography, Transcranial direct-current stimulation",eng,"economy, business and finance, economy, business and finance>economic sector, science and technology>natural science, science and technology, health, health>diseases and conditions, economy, business and finance>economic sector>computing and information technology, health>health treatment, science and technology>natural science>biology, education",10.2791/240743
royalsociety-cebc9d4a6eabef3f4b51ae3a3448051e,Evidence Synthesis,Publication,2019-05-29,https://royalsociety.org/topics-policy/projects/evidence-synthesis,,"Evidence-based medicine, Research, Health policy",eng,"health, education, society, science and technology, education>school>higher education, education>school",10.2791/240743
spruuk-28e0af50bce89429533425871a4a945d,[THIS TITLE IS BROKEN AND HAS BEEN REMOVED],Working paper,2018-08-13,https://www.sussex.ac.uk/spru/documents/2018-13-swps-stirling-and-johnstone.pdf,,"Energy, Renewable energy, Nuclear reactor",eng,"economy, business and finance, economy, business and finance>economic sector, politics, politics>government policy, politics>government, politics>government>defence, politics>government>defence>military equipment, economy, business and finance>economic sector>energy and resource, economy, business and finance>economic sector>energy and resource>nuclear power, conflicts, war and peace, politics>government policy>nuclear policy, science and technology, conflicts, war and peace>armed conflict, politics>government>defence>military equipment>military weaponry",10.2791/240743
acmedsci-7fece735df9fd395d38c18f4197bec53,Evidence synthesis for policy,Publication,2018-06-18,https://acmedsci.ac.uk/file-download/36366486,,"Evidence-based medicine, Research, Systematic review",eng,"health, education, science and technology, education>school>higher education, education>school, education>school>higher education>university",10.2791/240743
ukparliament_select-43456af466aeba360296e45519fb6992,"Written evidence volume: AI in the UK: ready, willing and able?",Publication,2018-04-18,https://www.parliament.uk/globalassets/documents/lords-committees/Artificial-Intelligence/AI-Written-Evidence-Volume.pdf,Artificial Intelligence Committee,"Medicine, Google DeepMind, Science",eng,"economy, business and finance, economy, business and finance>economic sector, economy, business and finance>economic sector>computing and information technology, health, science and technology, society, society>values, health>diseases and conditions",10.2791/240743
govuk-9f325cd23bc84c040f93f45a65aa077c,Chief Medical Officer annual report 2017: health impacts of all pollution,Publication,2018-03-15,https://www.gov.uk/government/publications/chief-medical-officer-annual-report-2017-health-impacts-of-all-pollution-what-do-we-know,,"Registration, Evaluation, Authorisation and Restriction of Chemicals, Air pollution, Antimicrobial resistance",eng,"economy, business and finance, economy, business and finance>economic sector, science and technology>natural science, economy, business and finance>economic sector>chemicals, environment, health, health>diseases and conditions, science and technology, health>health treatment, science and technology>natural science>biology",10.2791/240743
acmedsci-f02d77bfcad025e33761e396aaf80b65,Enhancing the use of scientific evidence - full report,Publication,2017-06-07,https://acmedsci.ac.uk/file-download/44970096,,"Hormone replacement therapy, Randomized controlled trial, Research",eng,"science and technology>research, health>diseases and conditions, health, health>diseases and conditions>illness, science and technology, science and technology>research>medical research, education",10.2791/240743
spruuk-95938ccfa45a8fbb5c9563b6c468b8c4,[THIS TITLE IS BROKEN AND HAS BEEN REMOVED],Working paper,2016-07-27,https://www.sussex.ac.uk/spru/documents/2016-14-swps-stirling.pdf,,"Risk assessment, Risk, Precautionary principle",eng,"science and technology>natural science, environment, environment>nature, science and technology, science and technology>social sciences, science and technology>natural science>biology, politics, environment>environmental politics",10.2791/240743
govuk-5d66f8a1ecd8ba58b77f4202b10d85f4,Government Office for Science annual report: 2014 to 2015,Publication,2015-12-18,https://www.gov.uk/government/publications/government-office-for-science-annual-report-2014-to-2015,,"Government Office for Science, Science, Internet of things",eng,"education, education>school, science and technology",10.2791/240743
govuk-e7e6b468cd6520d36ae0aaa5e4b3e2bf,Forensic science and beyond,Publication,2015-12-17,https://www.gov.uk/government/publications/forensic-science-and-beyond,,"Forensic science, Verification and validation, Science",eng,"crime, law and justice, education, science and technology, crime, law and justice>judiciary>court, crime, law and justice>law, crime, law and justice>judiciary, society, education>school",10.2791/240743
ukparliament_select-7679dd34d1cfcb75e894beb48e7c5b04,Genetically Modified Insects,Publication,2015-12-14,http://www.publications.parliament.uk/pa/ld201516/ldselect/ldsctech/68/68.pdf,,"Genetic engineering, Gene drive, Genetically modified organism",eng,"science and technology>natural science, science and technology>natural science>biology, health>diseases and conditions, science and technology, health, society, science and technology>natural science>biology>genetics",10.2791/240743
cgiar-c6cf9c910f2fb7876907f88d42b13953,Risk management and communication in informal dairy sector in Côte d’Ivoire: Options for sustainable livelihoods,Publication,2015-10-28,https://hdl.handle.net/10568/68710,"CGIAR research centers, CGIAR Research Program on Agriculture for Nutrition and Health, CGIAR Research Programs and Platforms (2012–2021), CRP A4NH outputs, Former ILRI research programs, ILRI posters, ILRI program on food safety and zoonoses, ILRI Research Themes, International Livestock Research Institute (ILRI), Safe food, fair food","Dietary Guidelines for Americans, Food system, Dietary supplement",eng,"economy, business and finance, economy, business and finance>economic sector, economy, business and finance>economic sector>consumer goods, health>health treatment, lifestyle and leisure, lifestyle and leisure>lifestyle, science and technology, science and technology>natural science, lifestyle and leisure>lifestyle>food and drink, science and technology>natural science>biology, economy, business and finance>economic sector>chemicals, health>health treatment>diet, economy, business and finance>economic sector>consumer goods>food, health, health>diseases and conditions",10.2791/240743
easacbe-d8234644ff34cfeefba84f7872ad263b,Gain of Function: experimental applications relating to potentially pandemic pathogens,Publication,2015-10-08,https://easac.eu/publications/details/gain-of-function-experimental-applications-relating-to-potentially-pandemic-pathogens/,,"Health sciences, Science, Health",eng,"science and technology>natural science, science and technology>natural science>biology, health>diseases and conditions, science and technology, health, society, science and technology>natural science>biology>genetics",10.2791/240743
easacbe-84df53199702de53a5b8a60aa2e58397,Gain of Function: experimental applications relating to potentially pandemic pathogens,Publication,2015-10-08,https://easac.eu/publications/details/gain-of-function-experimental-applications-relating-to-potentially-pandemic-pathogens,,"Health sciences, Science, Health",eng,"science and technology>natural science, science and technology>natural science>biology, health>diseases and conditions, science and technology, health, society, science and technology>natural science>biology>genetics",10.2791/240743
govuk-8bc036615e4773d1124c001d414919ae,Government Office for Science: the next 5 years,Publication,2015-09-15,https://www.gov.uk/government/publications/government-office-for-science-the-next-5-years,,"Science, Innovation, Government Office for Science",eng,"health, science and technology",10.2791/240743
ukparliament_select-66b9905473dba325b71223602f6f807d,3rd Report - Leadership for the long term: Whitehall's capacity to address future challenges,Publication,2015-03-09,http://www.publications.parliament.uk/pa/cm201415/cmselect/cmpubadm/669/669.pdf,"Public Administration Committee, Whitehall: capacity to address future challenges inquiry","2009 swine flu pandemic, Strategy, Forecasting",eng,"economy, business and finance, economy, business and finance>economic sector, politics, health, science and technology, economy, business and finance>economic sector>energy and resource, health>diseases and conditions, politics>government",10.2791/240743
ukparliament_select-4f3b8dfd3ca9a401d8f0ba669aa21ea0,Committee Name,Publication,2015-02-26,http://www.publications.parliament.uk/pa/cm201415/cmselect/cmsctech/328/328.pdf,,"Genetically modified organism, Genetic engineering, Precautionary principle",eng,"science and technology>natural science, economy, business and finance, science and technology>natural science>biology, science and technology, society, science and technology>natural science>biology>genetics, economy, business and finance>economic sector, economy, business and finance>economic sector>agriculture, politics",10.2791/240743
who-c54846549174b12792a9ec2ad3dc1226,"The role of public health organizations in addressing public health problems in Europe: the case of obesity, alcohol and antimicrobial resistance",Publication,2020-05-18,https://apps.who.int/iris/handle/10665/332108,,"Government, Politics, Public sphere",eng,"health, health>diseases and conditions, politics, education, politics>government, education>school, science and technology, environment",10.2900/31986
ecdc-ade6cfa607f97d3ebd3d12c3cb341f46,"Assessment of infection control, hospital hygiene capacity and training needs in the European Union",Publication,2017-09-05,https://www.ecdc.europa.eu/en/publications-data/assessment-infection-control-hospital-hygiene-capacity-and-training-needs,,"Infection control, Nursing, Health care",eng,"health, education, science and technology, education>school, health>diseases and conditions",10.2900/31986
ecdc-6e459b0684f446e57f7a48ad5ff8cd9a,Food- and waterborne diseases and zoonoses - Annual epidemiological report 2014 [2012 data],Publication,2014-11-18,https://www.ecdc.europa.eu/en/publications-data/food-and-waterborne-diseases-and-zoonoses-annual-epidemiological-report-2014-2012,,"Anthrax, Cryptosporidium, Giardiasis",eng,"health>diseases and conditions, health, health>diseases and conditions>illness, health>diseases and conditions>communicable disease, health>diseases and conditions>communicable disease>virus disease",10.2900/31986
ecdc-73be056628bd662220c6024eff512a98,External Evaluation of ECDC 2014,Publication,2014-10-08,https://www.ecdc.europa.eu/en/publications-data/external-evaluation-ecdc-2014,,"HIV/AIDS, European Centre for Disease Prevention and Control, Risk management",eng,"health>diseases and conditions, health, health>diseases and conditions>communicable disease>virus disease, health>diseases and conditions>illness, science and technology, health>diseases and conditions>communicable disease",10.2900/31986
ecdc-1e794126fcdbdb8a28725a5d00e08084,Measles and rubella elimination: communicating the importance of vaccination,Publication,2014-08-01,https://www.ecdc.europa.eu/en/publications-data/measles-and-rubella-elimination-communicating-importance-vaccination,,"MMR vaccine, Measles, Vaccination",eng,"health>diseases and conditions, health>health treatment, health, health>diseases and conditions>illness, health>health treatment>preventative medicine>vaccines, health>health treatment>preventative medicine, health>diseases and conditions>communicable disease",10.2900/31986
ecdc-b4858e51abfd600bfc6f2ae3f1d2b6cd,Implementing the ECDC Action Plan for Measles and Rubella,Publication,2014-07-29,https://www.ecdc.europa.eu/en/publications-data/implementing-ecdc-action-plan-measles-and-rubella,,"Rubella, MMR vaccine, Measles vaccine",eng,"health>health treatment, health, health>diseases and conditions, health>health treatment>preventative medicine>vaccines, health>health treatment>preventative medicine, science and technology, health>diseases and conditions>communicable disease",10.2900/31986
ecdc-73b482b2eb715d89fc2127a7d3f59ba3,Respiratory tract infections - Annual epidemiological report for 2012-13,Publication,2015-01-15,https://www.ecdc.europa.eu/en/publications-data/respiratory-tract-infections-annual-epidemiological-report-2012-13,,"Avian influenza, Influenza, Influenza A virus subtype H3N2",eng,"health>diseases and conditions, science and technology>natural science, health>diseases and conditions>communicable disease>virus disease, health, health>diseases and conditions>illness, science and technology, science and technology>natural science>biology, health>diseases and conditions>communicable disease",ecdc-a086bc835ffb08f1c0cd2ede54009b3a
europa-a9668ce81c8ecad43ec51ad50d64a1ec,Eurosurveillance : special edition : emergence of novel influenza A(H7N9) virus. July 2013.,Publication,2013-07-25,https://op.europa.eu/en/publication-detail/-/publication/c2393ed9-e57b-4bf8-8f18-4c5e840fdb0f/language-en/format-PDF,,"Influenza A virus subtype H3N2, Life sciences, Health sciences",eng,"health, health>diseases and conditions>communicable disease, science and technology, science and technology>natural science, health>diseases and conditions>illness, health>diseases and conditions>communicable disease>virus disease, science and technology>natural science>biology>genetics, health>diseases and conditions, science and technology>natural science>biology",ecdc-a086bc835ffb08f1c0cd2ede54009b3a
hcspfr-bb3633ddad4278b4199579287b00df34,Update on the conduct to be adopted towards people exposed to avian influenza viruses,Publication,2017-12-21,https://www.hcsp.fr/Explore.cgi/avisrapportsdomaine?clefr=667,,"Influenza A virus subtype H5N8, Influenza, Influenza A virus subtype H5N1",fre,"health>diseases and conditions, health>diseases and conditions>communicable disease>virus disease, health>diseases and conditions>communicable disease, health>diseases and conditions>illness, science and technology>natural science>biology, science and technology, science and technology>natural science, health",hcspfr-2184f263c83f8debd5ae7d1a8be48362
